{
    "brandAliasName" : "热",
    "enable" : 0,
    "brandList" :[{
                   "brandAliasName": "K",
                   "brandAppLogo": "201711221941411EAC97BC4C26E8D70E",
                   "brandAppLogoUrl": "http://39.107.74.82:8888/group1/M00/00/25/L12w41oVYmKAWcXiAAA3vJOujvY792.png",
                   "brandBrandsLogo": "201711221941445F97DE632DF178ABDF",
                  "brandBrandsLogoUrl": "http://39.107.74.82:8888/group1/M00/00/25/L12w41oVYlaACOySAAAwTq3oFT0095.png",
                  "brandChineseName": "卡特彼勒",
                  "brandEnglishName": "CAT",
                  "brandId": "20171122153148D291D2B97F950F27D8",
                  "brandListLogo": "20171122194143939506793C25AB6F87",
                  "brandListLogoUrl": "http://39.107.74.82:8888/group1/M00/00/25/L12w41oVYlyAHbghAAApdIm-j8s335.png",
                  "brandNameSpell": "KATEBILE",
                  "brandSequenceId": 41,
                  "brandWebUrl": "https://www.caterpillar.com/zh.html"
                  },
                  {
                  "brandAliasName": "X",
                  "brandAppLogo": "201711231316460287BFC3876E50708E",
                  "brandAppLogoUrl": "http://39.107.74.82:8888/group1/M00/00/26/L12w41oWWZqADCg0AACpyXAiB38895.png",
                  "brandBrandsLogo": "201711231315437291C2384F49FF3CA0",
                  "brandBrandsLogoUrl": "http://39.107.74.82:8888/group1/M00/00/26/L12w41oWWYiAZdL0AAApgsnd7Zc410.png",
                  "brandChineseName": "小松",
                  "brandEnglishName": "KOMATSU",
                  "brandId": "2017112313164EAD9DEA35E018426C23",
                  "brandListLogo":"20171123131649BEA9116BD07655CF8F",
                  "brandListLogoUrl": "http://39.107.74.82:8888/group1/M00/00/26/L12w41oWWZKAUe1cAAAijBzqx00651.png",
                  "brandNameSpell": "XIAOSONG",
                  "brandSequenceId": 48,
                  "brandWebUrl": "http://www.komatsu.com.cn/"
                  },
                  {
                  "brandAliasName": "S",
                  "brandAppLogo": "201711232120439181B4CDF87FF8A104",
                  "brandAppLogoUrl": "http://39.107.74.82:8888/group1/M00/00/2A/L12w41oWywKAb8fjAADDvLRvepM929.png",
                  "brandBrandsLogo": "2017112321194C2F958F3D7294293036",
                  "brandBrandsLogoUrl": "http://39.107.74.82:8888/group1/M00/00/2A/L12w41oWyvOAPRJoAAA0yf-7OSk300.png",
                  "brandChineseName": "三一重工",
                  "brandEnglishName": "sanygroup",
                  "brandId": "2017112321204B919820D0F61DEE0B73",
                  "brandListLogo": "2017112321194118BD7C54B78F813252",
                  "brandListLogoUrl": "http://39.107.74.82:8888/group1/M00/00/2A/L12w41oWyvyASSZuAAArZU97nLs817.png",
                  "brandNameSpell": "SANYIZHONGGONG",
                  "brandSequenceId": 58,
                  "brandWebUrl": "http://www.sanygroup.com"
                  },
                  {
                  "brandAliasName": "X",
                  "brandAppLogo": "2017122214594AE1B68B85C878C1274E",
                  "brandAppLogoUrl": "http://39.107.74.82:8888/group1/M00/00/76/L12w41o8rWiAD6cfAABh1c8Ov00619.png",
                  "brandBrandsLogo": "20171222145944CB8531D9669F05BFAD",
                  "brandBrandsLogoUrl": "http://39.107.74.82:8888/group1/M00/00/76/L12w41o8rUaADv1MAABPs2RvAp8985.png",
                  "brandChineseName": "徐工",
                  "brandEnglishName": "XCMG",
                  "brandId": "2017122214594307B15C48F7BFD94461",
                  "brandListLogo": "2017122214594A8998F04E4D96BA53DE",
                  "brandListLogoUrl": "http://39.107.74.82:8888/group1/M00/00/76/L12w41o8rVSAKVYPAABDHzhgTus444.png",
                  "brandNameSpell": "XUGONG",
                  "brandSequenceId": 69,
                  "brandWebUrl": "http://www.xcmg.com/"
	
                  },
                  {
                  "brandAliasName": "R",
                  "brandAppLogo": "2018012510174CC9973360E57A48F972",
                  "brandAppLogoUrl": "http://39.107.74.82:8888/group1/M00/00/A3/L12w41ppPjOAZKCkAACO4GvsC6c980.png",
                  "brandBrandsLogo": "201801251017453DA5FFDC4C5022C187",
                  "brandBrandsLogoUrl": "http://39.107.74.82:8888/group1/M00/00/A3/L12w41ppPi6AGHjOAABs_0HyQhc335.png",
                  "brandChineseName": "日立（合肥）",
                  "brandEnglishName": "RILI",
                  "brandId": "2017112320384070AB36086486EC94F3",
                  "brandListLogo": "20180125101747AABC2B140C8440DEC7",
                  "brandListLogoUrl": "http://39.107.74.82:8888/group1/M00/00/A3/L12w41ppPjCAff_fAABnmmqrPMk213.png",
                  "brandNameSpell": "RILI（HEFEI）",
                  "brandSequenceId": 57,
                  "brandWebUrl": "http://www.hitachicm.com.cn/"
                  },
                  {
                  "brandAliasName": "R",
                  "brandAppLogo": "201801251016492DB37F1D3A5F1D7391",
                  "brandAppLogoUrl": "http://39.107.74.82:8888/group1/M00/00/A3/L12w41ppPgeAeMULAACO4GvsC6c333.png",
                  "brandBrandsLogo": "2018012510164385BA012583854225AC",
                  "brandBrandsLogoUrl": "http://39.107.74.82:8888/group1/M00/00/A3/L12w41ppPgOAYouqAABs_0HyQhc130.png",
                  "brandChineseName": "日立（原装）",
                  "brandEnglishName": "HITACHI",
                  "brandId": "2018011114134F0DB8409989007A13B0",
                  "brandListLogo": "20180125101640C09BF07E870CC18AF5",
                  "brandListLogoUrl": "http://39.107.74.82:8888/group1/M00/00/A3/L12w41ppPgSASXUkAABnmmqrPMk574.png",
                  "brandNameSpell": "RILI（YUANZHUANG）",
                  "brandSequenceId": 94,
                  "brandWebUrl": "https://www.elle-c-m.com/"
                  },
                  {
                  "brandAliasName": "W",
                  "brandAppLogo": "20171213150049809E49A751032354CB",
                  "brandAppLogoUrl": "http://39.107.74.82:8888/group1/M00/00/5B/L12w41ow0CiAVC59AABfCD6Tj4U768.png",
                  "brandBrandsLogo": "2017121315004BC983A14649E9979C3C",
                  "brandBrandsLogoUrl": "http://39.107.74.82:8888/group1/M00/00/5B/L12w41ow0AaAGXPpAABaeTItv10841.png",
                  "brandChineseName": "沃尔沃",
                  "brandEnglishName": "volvo",
                  "brandId": "20171123132048A090752F641587AE57",
                  "brandListLogo": "20171213150048CF8B7AC22DF32C7A30",
                  "brandListLogoUrl": "http://39.107.74.82:8888/group1/M00/00/5B/L12w41ow0BGAJbh5AABZWAd6g8k096.png",
                  "brandNameSpell": "WOERWO",
                  "brandSequenceId": 49,
                  "brandWebUrl": "https://www.volvoce.com/china/zh-cn/"
                  },
                  {
                  "brandAliasName": "Y",
                  "brandAppLogo": "2017121315014C5296A9D9CFEA315E88",
                  "brandAppLogoUrl": "http://39.107.74.82:8888/group1/M00/00/5B/L12w41ow0FmARN7dAAB-FTWUlL0794.png",
                  "brandBrandsLogo": "2017121315014DD2BB2C3B01213B342B",
                  "brandBrandsLogoUrl": "http://39.107.74.82:8888/group1/M00/00/5B/L12w41ow0ESAXU_PAAAlNQ-Z9oA710.png",
                  "brandChineseName": "约翰迪尔",
                  "brandEnglishName": "JOHNDEERE",
                  "brandId": "20171123131344249F38C1B3F87A2FCD",
                  "brandListLogo": "2017121315014046AE2A8ABF4F7E0632",
                  "brandListLogoUrl": "http://39.107.74.82:8888/group1/M00/00/5B/L12w41ow0GSAfCHOAAAf90tJZzc854.png",
                  "brandNameSpell": "YUEHANDIER",
                  "brandSequenceId": 47,
                  "brandWebUrl": "https://www.deere.com.cn/zh/"
                  },
                  {
                  "brandAliasName": "L",
                  "brandAppLogo": "201711231205496D94E3D11BFC460BC6",
                  "brandAppLogoUrl": "http://39.107.74.82:8888/group1/M00/00/26/L12w41oWSRmAMp46AAAW1N3APOg998.png",
                  "brandBrandsLogo": "2017112312054E16B582DFA892D0294A",
                  "brandBrandsLogoUrl": "http://39.107.74.82:8888/group1/M00/00/26/L12w41oWSQaAR3grAAAZ1Jr0Ess306.png",
                  "brandChineseName": "利勃海尔",
                  "brandEnglishName": "Liebherr",
                  "brandId": "20171123120540AAAF74502F3D2A4F4E",
                  "brandListLogo": "2017112312054E2699A740AC0E54D8CB",
                  "brandListLogoUrl": "http://39.107.74.82:8888/group1/M00/00/26/L12w41oWSRKAUZoIAAAW1N3APOg664.png",
                  "brandNameSpell": "LIBOHAIER",
                  "brandSequenceId": 46,
                  "brandWebUrl": "https://www.liebherr.com/zh/deu/about-liebherr/liebherr-worldwide/china/liebherr-in-china.html"
                  },
                  {
                  "brandAliasName": "D",
                  "brandAppLogo": "2017112313384016A0F9614A0C6E7B43",
                  "brandAppLogoUrl": "http://39.107.74.82:8888/group1/M00/00/26/L12w41oWXtqAFFcuAABLn1pr0I0888.png",
                  "brandBrandsLogo": "20171123133843F0B03DC5D8221242C5",
                  "brandBrandsLogoUrl": "http://39.107.74.82:8888/group1/M00/00/26/L12w41oWXsaAEZRjAAA7CMMqdqY921.png",
                  "brandChineseName": "斗山",
                  "brandEnglishName": "DOOSAN",
                  "brandId": "20171123133945EC88917BD56663CA03",
                  "brandListLogo": "201711231338487090396CF686157D4E",
                  "brandListLogoUrl": "http://39.107.74.82:8888/group1/M00/00/26/L12w41oWXtCARzyqAAAxPbC4GlU133.png",
                  "brandNameSpell": "DOUSHAN",
                  "brandSequenceId": 51,
                  "brandWebUrl": "http://www.doosaninfracore.com/ce/cn/"
                  },
                  {
                  "brandAliasName": "Z",
                  "brandAppLogo": "2018010810404273B6272F80CAA65F81",
                  "brandAppLogoUrl": "http://39.107.74.82:8888/group1/M00/00/87/L12w41pS2hGAVe7qAACLJxukveQ279.png",
                  "brandBrandsLogo": "2018010810394709A123900C66348EBE",
                  "brandBrandsLogoUrl": "http://39.107.74.82:8888/group1/M00/00/87/L12w41pS2fyAI9tLAAAcLkXUyGY769.png",
                  "brandChineseName": "中联重科",
                  "brandEnglishName": "ZOOMLION",
                  "brandId": "2018010810404F88BFC9B46825ED4AF4",
                  "brandListLogo": "20180108104040E78338504409708F34",
                  "brandListLogoUrl": "http://39.107.74.82:8888/group1/M00/00/87/L12w41pS2gWAXv4YAAAYqTB-Guc829.png",
                  "brandNameSpell": "ZHONGLIANZHONGKE",
                  "brandSequenceId": 77,
                  "brandWebUrl": "http://www.zoomlion.com/"
                  },
                  {
                  "brandAliasName": "S",
                  "brandAppLogo": "201711301402412899AAC51B952CD967",
                  "brandAppLogoUrl": "http://39.107.74.82:8888/group1/M00/00/33/L12w41ofnuKADj2OAACm469x-5c185.png",
                  "brandBrandsLogo": "201711301400409EA129914400ECFC5B",
                  "brandBrandsLogoUrl": "http://39.107.74.82:8888/group1/M00/00/33/L12w41ofnpuAWd_RAAAzdUcT7q4597.png",
                  "brandChineseName": "神钢",
                  "brandEnglishName": "KOBELCO",
                  "brandId": "20171130140249C496DC0F73EFF9DA05",
                  "brandListLogo": "20171130140149B38E8E8B0347AF3301",
                  "brandListLogoUrl": "http://39.107.74.82:8888/group1/M00/00/33/L12w41ofnqeANBcZAAAqtfNMt9k888.png",
                  "brandNameSpell": "SHENGANG",
                  "brandSequenceId": 60,
                  "brandWebUrl": "http://www.kobelco-jianji.com/"
                  },
                  {
                  "brandAliasName": "K",
                  "brandAppLogo": "2017112219404BD88348EFAB1381F701",
                  "brandAppLogoUrl": "http://39.107.74.82:8888/group1/M00/00/25/L12w41oVYjKADfSOAACLozjLQOA918.png",
                  "brandBrandsLogo": "201711221940409F8A532DB5ABBBB42E",
                  "brandBrandsLogoUrl": "http://39.107.74.82:8888/group1/M00/00/25/L12w41oVYiSAFCY-AABFi2W3U2Q942.png",
                  "brandChineseName": "凯斯",
                  "brandEnglishName": "CASE",
                  "brandId": "201711221532446EB5AAD0B2233A97B7",
                  "brandListLogo": "2017112219404B0B8FD148683C367047",
                  "brandListLogoUrl": "http://39.107.74.82:8888/group1/M00/00/25/L12w41oVYiuAc53rAAA5gLA6W5M999.png",
                  "brandNameSpell": "KAISI",
                  "brandSequenceId": 40,
                  "brandWebUrl": "http://www.casece.cn"
                  },
                  {
                  "brandAliasName": "X",
                  "brandAppLogo": "2017113014354A099328289D8A6D6923",
                  "brandAppLogoUrl": "http://39.107.74.82:8888/group1/M00/00/33/L12w41ofprOALk-jAADhqr2KBfc503.png",
                  "brandBrandsLogo": "2017113014334902BA9F995B657602F8",
                  "brandBrandsLogoUrl": "http://39.107.74.82:8888/group1/M00/00/33/L12w41ofplWADxVbAAB47B7T540795.png",
                  "brandChineseName": "现代重工",
                  "brandEnglishName": "HYUNDAI",
                  "brandId": "20171130143544C7A1DDA9012580B029",
                  "brandListLogo": "201711301434439490CB5F5A5465F0C1",
                  "brandListLogoUrl": "http://39.107.74.82:8888/group1/M00/00/33/L12w41ofpoOAFXN7AABvObYu6VA117.png",
                  "brandNameSpell": "XIANDAIZHONGGONG",
                  "brandSequenceId": 61,
                  "brandWebUrl": "http://www.hhichina.com/"
                  },
                  {
                  "brandAliasName": "L",
                  "brandAppLogo": "2017112219544FFCA8C8A8E1C120AC3F",
                  "brandAppLogoUrl": "http://39.107.74.82:8888/group1/M00/00/25/L12w41oVZXmAT3ukAACSchGfig4353.png",
                  "brandBrandsLogo": "201711221954480B91142C7578148349",
                  "brandBrandsLogoUrl": "http://39.107.74.82:8888/group1/M00/00/25/L12w41oVZWeAf9UoAAA2qX2ie3U690.png",
                  "brandChineseName": "柳工",
                  "brandEnglishName": "liugong",
                  "brandId": "20171122195440E0B897641E4ED6A8CB",
                  "brandListLogo": "201711221954410BB8DF8770F3B06C8F",
                  "brandListLogoUrl": "http://39.107.74.82:8888/group1/M00/00/25/L12w41oVZXGAYhYgAAAtXiVz0yo668.png",
                  "brandNameSpell": "LIUGONG",
                  "brandSequenceId": 44,
                  "brandWebUrl": "http://www.liugong.cn/cn_cn/"
                  }]
}
